{
  "products": [
    {
      "id": 1,
      "name": "Voyager Time Watch",
      "brand": "NOIR CHRONOS",
      "type": "CHRONOGRAPH",
      "img": "VoyagerTimeWatch",
      "sizes": [
        4,
        6,
        8,
        10
      ],
      "costs": {
        "price": 280000
      },
      "gender": "LUXURY",
      "limited": true,
      "favorite": false
    },
    {
      "id": 2,
      "name": "Silk Charm Watch",
      "brand": "NOIR CHRONOS",
      "type": "FLIEGER",
      "img": "SilkCharmWatch",
      "sizes": [
        4,
        6,
        8,
        10
      ],
      "costs": {
        "price": 490000,
        "off": 20
      },
      "gender": "WOMEN",
      "limited": true,
      "favorite": false
    },
    {
      "id": 3,
      "name": "Quantum Watch",
      "brand": "NOIR CHRONOS",
      "type": "MIXED DIAL",
      "img": "QuantumWatch",
      "sizes": [
        4,
        6,
        8,
        10
      ],
      "costs": {
        "price": 450000,
        "off": 11
      },
      "gender": "LUXURY",
      "limited": true,
      "favorite": false
    },
    {
      "id": 4,
      "name": "Nexus Time Watch",
      "brand": "NOIR CHRONOS",
      "type": "CHRONOGRAPH",
      "img": "NexusTimeWatch",
      "sizes": [
        4,
        6,
        8,
        10
      ],
      "costs": {
        "price": 240000
      },
      "gender": "LUXURY",
      "limited": true,
      "favorite": false
    },
    {
      "id": 5,
      "name": "Luna Time Watch",
      "brand": "NOIR CHRONOS",
      "type": "FLIEGER",
      "img": "LunaTimeWatch",
      "sizes": [
        4,
        6,
        8,
        10
      ],
      "costs": {
        "price": 159000
      },
      "gender": "MEN",
      "favorite": false
    },
    {
      "id": 6,
      "name": "Horizon Chrono Watch",
      "brand": "NOIR CHRONOS",
      "type": "ROMAN",
      "img": "HorizonChronoWatch",
      "sizes": [
        4,
        6,
        8,
        10
      ],
      "costs": {
        "price": 159000
      },
      "gender": "LUXURY",
      "limited": true,
      "favorite": false
    },
    {
      "id": 7,
      "name": "Eden Glow Watch",
      "brand": "NOIR CHRONOS",
      "type": "ROMAN",
      "img": "EdenGlowWatch",
      "sizes": [
        4,
        6,
        8,
        10
      ],
      "costs": {
        "price": 159000
      },
      "gender": "WOMEN",
      "limited": true,
      "favorite": false
    },
    {
      "id": 8,
      "name": "Charm Gem Watch",
      "brand": "NOIR CHRONOS",
      "type": "FLIEGER",
      "img": "CharmGemWatch",
      "sizes": [
        4,
        6,
        8,
        10
      ],
      "costs": {
        "price": 159000
      },
      "gender": "WOMEN",
      "limited": true,
      "favorite": false
    },
    {
      "id": 9,
      "name": "Bella Time Watch",
      "brand": "NOIR CHRONOS",
      "type": "FLIEGER",
      "img": "BellaTimeWatch",
      "sizes": [
        4,
        6,
        8,
        10
      ],
      "costs": {
        "price": 159000
      },
      "gender": "WOMEN",
      "limited": true,
      "favorite": false
    },
    {
      "id": 10,
      "name": "Titan Guard Watch",
      "brand": "NOIR CHRONOS",
      "type": "ROMAN",
      "img": "TitanGuardWatch",
      "sizes": [
        4,
        6,
        8,
        10
      ],
      "costs": {
        "price": 299000,
        "off": 16
      },
      "gender": "MEN",
      "favorite": false
    },
    {
      "id": 11,
      "name": "Apex Time Watch",
      "brand": "NOIR CHRONOS",
      "type": "CHRONOGRAPH",
      "img": "ApexTimeWatch",
      "sizes": [
        4,
        6,
        8,
        10
      ],
      "costs": {
        "price": 320000
      },
      "gender": "MEN",
      "favorite": false
    },
    {
      "id": 12,
      "name": "Forge Watch",
      "brand": "NOIR CHRONOS",
      "type": "ARABIC",
      "img": "ForgeWatch",
      "sizes": [
        4,
        6,
        8,
        10
      ],
      "costs": {
        "price": 220000
      },
      "gender": "MEN",
      "favorite": false
    }
  ],
  "cart": [
    {
      "id": 2,
      "name": "Silk Charm Watch",
      "brand": "NOIR CHRONOS",
      "type": "FLIEGER",
      "img": "SilkCharmWatch",
      "sizes": [
        4,
        6,
        8,
        10
      ],
      "costs": {
        "price": 490000,
        "off": 20
      },
      "gender": "WOMEN",
      "limited": true,
      "favorite": false,
      "size": "6",
      "quantity": "2"
    }
  ],
  "wishlist": [],
  "blog": [
    {
      "id": 1,
      "title": "LUXURY WATCHES FOR WOMEN",
      "body": "Lorem ipsum dolor sit amet, consectetuer adipiscing elit. Aenean commodo ligula eget dolor. Aenean massa. Cum sociis natoque penatibus et magnis dis parturient montes, nascetur ridiculus mus. Donec quam felis, ultricies nec, pellentesque eu, pretium quis, sem. Nulla consequat massa quis enim. Donec pede justo, fringilla vel, aliquet nec, vulputate eget, arcu.",
      "date": "JANUARY 30, 2024",
      "img":"blog-1"
    },
    {
      "id": 2,
      "title": "THE PERFECT CHRISTMAS GIFT",
      "body": "Lorem ipsum dolor sit amet, consectetuer adipiscing elit. Aenean commodo ligula eget dolor. Aenean massa. Cum sociis natoque penatibus et magnis dis parturient montes, nascetur ridiculus mus. Donec quam felis, ultricies nec, pellentesque eu, pretium quis, sem. Nulla consequat massa quis enim. Donec pede justo, fringilla vel, aliquet nec, vulputate eget, arcu.",
      "date": "JANUARY 30, 2024",
      "img":"blog-2"
    },
    {
      "id": 3,
      "title": "THE STORY BEHIND A SUPER WATCH",
      "body": "Lorem ipsum dolor sit amet, consectetuer adipiscing elit. Aenean commodo ligula eget dolor. Aenean massa. Cum sociis natoque penatibus et magnis dis parturient montes, nascetur ridiculus mus. Donec quam felis, ultricies nec, pellentesque eu, pretium quis, sem. Nulla consequat massa quis enim. Donec pede justo, fringilla vel, aliquet nec, vulputate eget, arcu.",
      "date": "JANUARY 30, 2024",
      "img":"blog-3"
    }
  ]
}